id,order_no
7273237,abp180927204307346
7469819,abz181108180014047
7182231,ado180912160428598
7420049,ado181029162540214
7182845,afk180914115016229
7250330,afk180919015207666
7279386,afk180928183958837
7317626,afk181002070959834
7316541,afk181006110226558
7325163,afk181006182400382
7322434,afk181006193903503
7342917,afk181010071117519
7365763,afk181013131452574
7099768,aft180828111024969
7171114,aft180911111559320
7208929,aft180913134013669
7209409,aft180913134013669
7185554,aft180914141754016
7184751,aft180914154135372
7252578,aft180919145904296
7266052,aft180925165154116
7314997,aft181001231806751
7326123,aft181007101121267
7331074,aft181007190651919
7351531,aft181012221041756
7398025,aft181014133239219
7417557,aft181024154801877
7425528,aft181026204508452
7112336,brh180807100707601
7112427,brh180807100707601
7120701,brh180903094857443
7121022,brh180903094857443
7220570,brh180917151034147
7226256,brh180918124715348
7321168,brh180923173351248
7338664,brh181009160118815
7335181,brh181009215917456
7347048,brh181010215506173
7426402,brh181030114831631
7236004,byx180910133309648
7165134,cdh180911150006636
7425261,cdh181030110452661
7223461,cuy180914132240308
7110006,czc180806095734906
7110385,czc180809130231560
7138549,czc180820124208251
7122719,czc180824155109795
7103356,czc180828221358359
7140571,czc180828221358359
7096912,czc180829183710481
7152183,czc180907095506847
7291576,czc180907172757671
7238451,czc180907210553423
7324558,czc180910091249235
7204169,czc180910093508750
7204359,czc180910093508750
7253467,czc180910093508750
7224469,czc180910141111039
7309302,czc180920214349908
7264607,czc180926120359155
7277617,czc180926183812878
7422228,czc181001101829153
7418331,czc181001211549205
7300341,czc181002181816417
7333888,czc181003090157314
7324435,czc181003205418083
7312442,czc181003210929032
7320993,czc181004094552473
7330992,czc181009123409336
7379421,czc181009134422240
7404478,czc181013140931267
7372453,czc181013141131783
7353497,czc181013141721164
7392522,czc181013142853035
7392663,czc181013142853035
7399744,czc181014093059231
7355727,czc181014104748384
7374437,czc181014122512896
7379503,czc181014131841922
7353730,czc181014132248956
7418566,czc181015100242192
7430083,czc181015113508732
7379947,czc181015164447251
7386190,czc181021221842076
7391841,czc181022094030407
7416577,czc181029073245638
7415753,czh181003232037921
7412692,czh181007144632964
7369963,czh181015195002340
7414854,czh181017104406934
7370338,czh181018111501395
7420209,czh181029172529582
7447822,czh181104091248935
7165179,czl180704101407989
7231379,czl180823124038437
7153871,czl180906205307222
7159755,czl180910104711560
7255419,czl180913143725056
7230737,czl180918174926951
7299904,czl181001135440519
7349008,czl181001141150653
7406852,czl181001141150653
7407145,czl181001141150653
7407322,czl181001141150653
7384491,czl181002134900891
7328060,czl181006110759090
7333457,czl181007094921788
7326461,czl181008191116514
7430084,czl181015113718486
7430094,czl181015113953413
7370557,czl181015142309284
7409932,czl181015151448948
7364238,czl181016191022528
7408898,czl181023120025062
7404095,czl181023165249732
7107637,doa180823111758183
7400479,dyh181010174006821
7170898,ebb180719191750461
7145710,ebb180721184616428
7116049,ebb180725132907144
7189228,ebb180803133403005
7249998,ebb180808141726057
7365324,ebb180820105703242
7111042,ebb180824122252900
7128142,ebb180824171757997
7242109,ebb180902085540174
7233966,ebb180902150728686
7228390,ebb180903150827087
7175173,ebb180907215618243
7175225,ebb180907215618243
7172881,ebb180911185247633
7183137,ebb180914121457720
7230679,ebb180915203351324
7266083,ebb180919172000297
7276916,ebb180928100529481
7317269,ebb181003195116444
7347302,ebb181003222933379
7341641,ebb181011201500739
7342406,ebb181011201500739
7403456,ebb181014112537988
7382878,ebb181014150004417
7410845,ebb181016105253479
7373606,ebb181018083700173
7491461,ffm181103232508683
7500093,ffm181113204710364
7234055,fma180920110752474
7110590,fna180831154007544
7223750,fxu180710225922805
7093636,fxu180725155342998
7085642,fxu180825143826758
7260100,fxu180918133928415
7346478,fxu181010181809232
7361400,fxu181011111241524
7342311,fxu181011162505165
7341830,fxu181011212651010
7414136,fxu181011212651014
7393481,fxu181018163502499
7418102,fxu181020141814947
7425051,fxu181020221030945
7400386,fxu181025082905677
7444082,fxu181026152635952
7305748,fyx181003204049564
7347323,fyx181012225753183
7347365,fyx181012225753183
7375408,fzy181019125341741
7314953,ged180911000228353
7179670,ged180913181907659
7184409,ged180914141313621
7186540,ged180914141313621
7280506,ged180923100057396
7271634,ged180927120637702
7278424,ged180928152808975
7358725,ged181015150250072
7369950,ged181016143819055
7380767,ged181019180235875
7381222,ged181019180235875
7381355,ged181019180235875
7399702,ged181020100539187
7389804,ged181020210731247
7092072,gef180812134757449
7265559,gef180907163914285
7220999,gef180910164524853
7170253,gef180911171927008
7232861,gef180918185053332
7236258,gef180919120928450
7249948,gef180923125344889
7368364,gef181017141943580
7373135,gef181017141943580
7411141,gef181020114818985
7385530,gef181021192020542
7397006,gef181023123036565
7429913,gek181025123005723
7428469,gek181025191407432
7426180,gek181028193734440
7432102,gek181029162411783
7432176,gek181029162411783
7423370,gek181030124924424
7429582,gek181031145216236
7379168,ghc181019144733888
7379237,ghc181019144733888
7379302,ghc181019144733888
7402240,ghc181024200209656
7402330,ghc181024200209656
7423507,ghc181029174741847
7230624,hag180824182616306
7087172,hag180825164056030
7165045,hag180828193126962
7307973,hag180829171239218
7222267,hag180901140107407
7237522,hag180902111724907
7134890,hag180905181801223
7229580,hag180908171237469
7242703,hag180908171613344
7260713,hag180909165808589
7229187,hag180909173601962
7239797,hag180909174217412
7227754,hag180909180114604
7160687,hag180909222311128
7163133,hag180910175302760
7270425,hag180910184348350
7173644,hag180912172302534
7284178,hag180913203812275
7287825,hag180913215956207
7188634,hag180914175947215
7229193,hag180914202007230
7287402,hag180922213752834
7291514,hag180930184907243
7237089,haq180919230723314
7201186,hdq180914173450809
7212939,hfx180913231510020
7196051,hfx180913234044559
7141521,hhn180904115957381
7364126,hhn181015215427932
7364272,hhn181015215427932
7414386,hhz181016082813250
7364065,hhz181016091518561
7362147,hkh181015151359658
7279641,hmk180926183701519
7408244,hua181020094435710
7425046,hua181020221030946
7094185,hxz180705131406503
7238455,hxz180719153821448
7258498,hxz180724090240920
7241821,hxz180726131508691
7351017,hxz180731093217050
7126349,hxz180801113654197
7111582,hxz180801114107751
7143787,hxz180803185843531
7111238,hxz180805150647928
7141621,hxz180806082035375
7114086,hxz180807153032884
7141373,hxz180810144752498
7090463,hxz180810165930009
7215908,hxz180817214847470
7106083,hxz180818195134485
7114445,hxz180901232917855
7341141,hxz180928092012085
7299638,hxz180930114543072
7290606,hxz180930162225133
7327921,hxz181001134257591
7324679,hxz181001185637856
7298362,hxz181002095458058
7322185,hxz181003100334504
7327398,hxz181003101623420
7338569,hxz181003195331813
7324431,hxz181003205043470
7326841,hxz181007214311889
7382959,hxz181020165001819
7384125,hxz181021154418444
7271885,ibi180907165040871
7365602,ibi180916145159717
7284825,ibi180929133709452
7284800,ibi180929133903085
7352553,ibi181003124338560
7312556,ibi181003182555932
7325538,ibi181008125225891
7336884,ibi181008130202229
7418620,ibi181023183339875
7403281,ibi181025211929114
7425437,ibi181030191656650
7458701,ibi181106163028405
7411409,jbw181027181728260
7484190,jbw181108090126602
7505812,jbw181108090126602
7335168,jbx181007175053852
7352979,jbx181010180516771
7363282,jbx181010180516771
7363429,jbx181010180516771
7369971,jbx181015201410298
7391509,jbx181023004910850
7417276,jbx181028175728642
7416131,jbx181028182238384
7450665,jbx181101100414433
7124276,jcg180829232941430
7236351,jcg180908142755736
7276980,jcg180928094351949
7346062,jcg181009143245417
7349369,jcg181010143727053
7362189,jcg181010143727053
7362301,jcg181010143727053
7362019,jcg181016134026606
7401010,jcg181021235337927
7388506,jcg181022165700143
7420715,jcg181022191043691
7186390,jlx180628202052919
7138675,jlx180905175307161
7144567,jlx180907121303093
7177158,jlx180912153815108
7183930,jlx180913045640881
7207331,jlx180914094740586
7207524,jlx180914094740586
7282575,jlx180916125147397
7220018,jlx180917122457166
7221293,jlx180918100426076
7239144,jlx180920183934479
7256383,jlx180924233011826
7267224,jlx180924233011826
7267307,jlx180924233011826
7263555,jlx180925112311675
7280913,jlx180927143117443
7288121,jlx180929175735148
7318132,jlx180930142359970
7323160,jlx181001142742465
7325024,jlx181008092510402
7333375,jlx181008101410797
7334060,jlx181010115355136
7361716,jlx181015123851426
7358448,jlx181015175439059
7402791,jlx181018163010052
7427949,jlx181019121631379
7395936,jlx181024102943067
7499150,jlx181110154029519
7499464,jlx181110154029519
7499666,jlx181110154029519
7499851,jlx181110154029519
7444827,jpl181101115403065
7131394,jqa180731095443930
7090028,jqa180828201726386
7255635,jqa180918155600557
7229745,jqa180919170334634
7415277,jqa181002133540166
7372779,jqa181016170343267
7370363,jqa181016184137959
7387131,jqa181017163853984
7378531,jqa181019215049042
7176836,jun180912112858047
6958812,jwo180806094959555
6973420,jwo180809181655861
7344236,jzj181005183647979
7361877,jzj181009105330832
7422099,jzj181026201753753
7427845,kas181031082334676
7269203,klf180912003734722
7419144,klf181029143722972
7420151,klf181029185655061
7228968,kls180904153301917
7191140,kls180910132305423
7358771,kls181002230904922
7344700,kls181011093149968
7344590,kls181012135946698
7369976,kls181015194116821
7384545,kls181020220055911
7392059,kls181023123833258
7392463,kls181023123833262
7429702,kls181024134621185
7433790,kls181024134621185
7422542,kls181026101149558
7235452,knd180919151949206
7398477,kqb181024185042805
7155700,kqy180909190308726
7116368,lah180823194804060
7089655,lah180823222504540
7089810,lah180823222504540
7348585,lah181009114553383
7348681,lah181012111401845
7373530,lah181015165807465
7393230,lah181023141253796
7393256,lah181023141548666
7505352,lah181107065416921
7494108,lah181110080034759
7503237,lah181114192551267
7175729,lxh180911193034614
7177540,lxh180912170801898
7406076,lxh181026143533898
7417267,lxh181028122303994
7427166,lxh181030105656945
7284703,lys180928111210812
7350075,mhw181009145903677
7384079,mhw181012181026096
7392116,mhw181017143324558
7412938,mhw181027125157505
7373360,mts181014153140971
7142963,mxw180906131312157
7280655,mxw180928215156908
7387451,new181021150657113
7266008,nhq180925110144580
7266036,nhq180925110144580
7266183,nhq180925110144580
7340040,nhq180928141713515
7337070,nhq181010211614994
7094114,nxw180727205127648
7173655,nxw180823222153748
7096626,nxw180829215822936
7128455,nxw180831210121425
7135546,nxw180831210121425
7138173,nxw180906092228100
7200573,nxw180913012707357
7178331,nxw180913143916645
7265342,nxw180925171957589
7265505,nxw180925171957589
7396065,nxw181002141932952
7393866,nxw181007202954167
7349236,nxw181013000709909
7374678,nxw181019083840611
7156149,pma180909110748852
7320274,pma180929153624087
7327902,pma181002150810341
7366054,pma181014113807241
7416114,pme181026173249023
7416265,pme181026180856059
7410113,pme181027133216066
7424208,pme181030132500476
7505536,pme181115100408534
7126336,pmo180825112411926
7160268,pmo180906171507957
7335730,pmo180926225140912
7324438,pmo180930155247737
7306408,pmo181003234502249
7325411,pmo181004091215803
7308485,pmo181004111834029
7365632,pmo181013213325680
7353101,ppg181011142047170
7090085,psl180826112857271
7151541,psl180907184907051
7252520,psl180920122546960
7388521,psl181020153702283
7404856,pve181024095724775
7101929,qdj180829131257412
7112176,qdj180829131257412
7112954,qdj180829131257412
7116519,qdj180829131257412
7116658,qdj180829131257412
7116757,qdj180829131257412
7224068,qid180912111258214
7175822,qid180913100002530
7301523,qid181002093755137
7325871,qid181002122441081
7429846,qid181031153806366
7407864,qor181024091143154
7491486,qor181103233213760
7471409,qor181107093556711
7325650,qyp181005093046404
7187825,qzv180913131603210
7333970,qzv180930220838927
7424380,qzv181024122344139
7349511,rhs181003090508918
7355091,rhs181009123937239
7410852,rhs181017164301186
7396629,rnb181024121901634
7470312,rnf181107182515022
7230010,sat180915144709259
7361704,scv181015123724863
7430306,scv181031172641992
7208555,sdl180914094104613
7129268,sxb180904203328940
7177935,sxb180913091922623
7254613,sxb180922103141175
7303632,sxb181003002728911
7427555,sxb181029120123132
7423337,sxb181030001211096
7446044,sxz181030203054989
7463243,tcg181027123225735
7506707,tcg181027123225735
7177229,tdr180807202437067
7210026,tdr180822085639029
7120037,tdr180827111945994
7153462,tdr180901105939538
7289001,tdr180926175410025
7366245,tdr180929115747223
7331305,tdr181009191536420
7379170,tdr181019223855349
7417419,tdr181028125104359
7486062,tdr181101111512193
7314439,teb181002123817210
7418475,teb181020162521645
7407891,teb181022140218209
7402339,teb181025091827529
7419247,teb181029140857676
7419706,teb181029140857676
7425003,teb181030104645478
7455166,teb181103085409044
7456406,teb181103085409044
7158636,tfq180910130717143
7210218,tfq180912102052313
7275580,tfq180921164512296
7334395,tfq181009152911460
7334527,tfq181009152911460
7498320,tjf181114055225862
7232829,trk180918183737551
7324662,ttr181003162559937
7103085,txb180828094130919
7153529,txb180904121403308
7236696,txb180920201954776
7306334,txb180930150503004
7331550,txb181002103653800
7329230,txb181007162518810
7175184,tys180705140134201
7177984,tys180815021305043
7299304,tys180902155421234
7150716,tys180907003104880
7150829,tys180907003104880
7339976,tys180922001626612
7380072,tys181010144845708
7403499,tys181015191432311
7372435,tys181018163602779
7373010,tys181018163602779
7373013,tys181018163602779
7383085,tys181020201650323
7392206,tys181021214003790
7440598,tys181025171242562
7441183,tys181025171242562
7441277,tys181025171242562
7477011,tys181025171242562
7410292,tys181025190451157
7423818,tys181026112443256
7417339,tys181027104322578
7154882,tyx180902173916497
7132465,tyx180905142506410
7285407,wdy180928123158825
7399242,wdy181022182100603
7350393,wld181011122747766
7394269,wld181023172924437
7401677,wld181025130347453
7429731,wld181026161121437
7362030,wtq181012101157415
7362203,wtq181012101157415
7362382,wtq181012101157415
7391762,wyc181020092821574
7416848,wyh181021200547012
7417118,wyh181021200547012
7402199,xau181014141155003
7371789,xau181015202853586
7385380,xau181017202624837
7164992,xep180910204920208
7214282,xep180915005919914
7222451,xep180918145442731
7227501,xep180919112558893
7239981,xep180921112819531
7252988,xep180921144255527
7247714,xep180922190643283
7256870,xep180925085411152
7277843,xep180928124008009
7316738,xep181002101614363
7303378,xep181003122452384
7335320,xep181005171638572
7322209,xep181007213506293
7334362,xep181008150010110
7357598,xep181009115003849
7373066,xep181009171948146
7355937,xep181015094020215
7360994,xep181016094810701
7379214,xep181018160012971
7377789,xep181019133602508
7377510,xep181019171545089
7406308,xep181025111116368
7407150,xep181026174147324
7439500,xep181102155328344
7440150,xep181102155328344
7457340,xep181102155328344
7267050,xgx180918103743068
7249143,xgx180920072703659
7257729,xgx180920130150577
7258433,xgx180920130150577
7329499,xgx181003060742572
7238344,xhp180917141500920
7282236,xhp180923145553390
7282632,xhp180923145553390
7306934,xhp181002134151433
7375529,xhp181016133520069
7373408,xhp181018212518390
7411835,xhp181027204203081
7240591,xir180920113925082
7301103,xir180927122501288
7333732,xir181008132520121
7367573,xir181009114702794
7294853,xkw181001115929235
7351244,xkw181009110940819
7134580,xkx180827203741076
7336461,xkz181008204702896
7178571,xmp180831165709134
7178790,xmp180831165709134
7386293,xna181018161436408
7440435,xna181030150410174
7297695,xnp180930175827577
7424898,xnp181016172524761
7413933,xnp181017154435779
7387435,xnp181020112026313
7409174,xnp181026232529678
7428171,xnp181028222752964
7089105,xpb180827094538965
7104827,xtw180831102919090
7124404,xtw180831112053731
7222480,xtw180831153516191
7138318,xtw180906152724420
7325440,xtw180915121234269
7222352,xtw180915201907732
7260163,xtw180920231432671
7325449,xtw181008150536949
7325554,xtw181008150536949
7417247,xtw181028232126448
7427939,xtw181030153810171
7467558,xtw181030153810171
7212784,xwy180914131954429
7378537,xwy181015162202936
7380611,xwy181015162202936
7380744,xwy181015162202936
7427694,xyl181031095929132
7103605,xyx180830234028176
7145261,xyx180906120718295
7145304,xyx180906120718295
7254427,xyx180912101445143
7185018,xyx180914105719268
7205956,xyx180914153210525
7207413,xyx180914153911649
7231472,xyx180914183514072
7225866,xyx180914194258290
7234264,xyx180918155721040
7253616,xyx180918155721040
7253620,xyx180918155721040
7241111,xyx180920112929214
7310994,xyx180920135111696
7258091,xyx180920150730766
7246898,xyx180920174447665
7245152,xyx180921194522807
7253574,xyx180924130815017
7258948,xyx180925155803618
7269137,xyx180926212542083
7292273,xyx180930093440007
7314569,xyx181001225233881
7304835,xyx181002100842438
7331492,xyx181007184538671
7353409,xyx181007184538671
7353533,xyx181007184538671
7353633,xyx181007184538671
7357937,xyx181007184538671
7358096,xyx181007184538671
7335274,xyx181008110011832
7349667,xyx181011073832079
7353108,xyx181011142732214
7441832,xyx181011220029688
7358753,xyx181014115121509
7367339,xyx181014115158664
7377004,xyx181015112331437
7358654,xyx181015183730322
7367012,xyx181015191340071
7361818,xyx181016135733296
7382742,xyx181018181525562
7399737,xyx181020190300236
7393965,xyx181022154916734
7421753,xyx181023185744049
7396769,xyx181024092348560
7423385,xyx181027151132301
7423841,xyx181029232430668
7427100,xyx181030084530943
7101868,xyz180805133250197
7089536,xyz180807145358898
7223321,xyz180917163510290
7391424,xyz181015185412629
7352264,ydl180918173219568
7356163,ydl180918173219568
7267100,ydl180925124307663
7295917,ydl180926173055601
7351103,ydl180926184625414
7400379,ydl181020173235983
7109005,yjw180821222850754
7375075,ylr181019121413032
7385364,ylr181019121413032
7384464,ylr181021173000063
7397844,ylr181022193911130
7308373,ymz180915010120090
7256372,ymz180918094420265
7256508,ymz180918094420265
7291448,ymz180921133715032
7259905,ymz180921151441606
7260231,ymz180921151441606
7182003,ypl180911102717672
7182170,ypl180911102717672
7182285,ypl180911103653322
7251164,yse180822181959531
7147860,yse180907112418964
7233095,yse180917183909558
7252451,yse180917183909558
7224369,yse180917205244400
7403033,yse181024115446355
7494465,yse181113124013853
7109842,yum180831155435529
7242114,yum180902090448851
7260891,yum180908191050599
7181976,yum180911233448926
7277478,yum180919104012545
7253569,yum180921185620154
7315958,yum181004065706040
7315986,yum181004065706040
7383719,yum181005182542865
7326568,yum181007160404292
7337886,yum181008112351748
7331090,yum181008121013564
7356025,yum181014153018687
7388906,yum181018232503232
7391128,yum181022233215749
7419424,yum181028151553225
7435728,yum181101195352259
7143427,yxg180904134838100
7143756,yxg180904134838100
7179874,yxg180913085342462
7241435,yxg180918132630006
7247273,yxg180918132630006
7234122,yxg180920130110969
7370821,yxg181017184931713
7395854,yxg181020093312813
7384671,yxg181021184004186
7413084,yxg181022222813457
7406018,yxg181026114624178
7451093,yxg181103210213966
7451576,yxg181103210213966
7388769,yxw181015192425034
7306975,yyw180908095833756
7149374,yyw180908104915714
7223941,yyw180914121020226
7391812,yyw181019120733674
7399241,yyw181024211703127
7422804,yyw181029084303172
7435938,yyw181031220714933
7436088,yyw181031220714933
7436196,yyw181031220714933
7446746,yyw181104090703410
7157526,yzl180906215736971
7214070,yzl180917112534113
7254943,yzl180919115513328
7307251,yzl181003102918516
7359230,yzl181014183059553
7420984,yzl181017174554222
7282564,zbv180921124817899
7346219,zbv181011134914732
7347037,zbv181011135244738
7364418,zbv181016174619818
7407630,zbv181026190126011
7143910,zgl180814154449999
7356740,zgl180822200205333
7142481,zgl180904085555337
7153604,zgl180904094303159
7324510,zgl180904221751874
7221120,zgl180912231455753
7206342,zgl180913171813948
7264769,zgl180914210007358
7253993,zgl180915225936919
7273537,zgl180919223547160
7336864,zgl181003103948002
7320281,zgl181003122955611
7360160,zgl181012164723198
7371810,zgl181015111657191
7399269,zgl181024210345368
7409720,zgl181025234040486
7424486,zgl181030145749287
7276867,zgo180927081831710
7334757,zgo181007140039207
